{
  "indexes": [
    {
      "collectionGroup": "recommendations",
      "queryScope": "COLLECTION",
      "fields": [
        { "fieldPath": "recipient.id", "order": "ASCENDING" },
        { "fieldPath": "status", "order": "ASCENDING" },
        { "fieldPath": "createdAt", "order": "DESCENDING" }
      ]
    },
    {
      "collectionGroup": "recommendations",
      "queryScope": "COLLECTION",
      "fields": [
        { "fieldPath": "author.id", "order": "ASCENDING" },
        { "fieldPath": "status", "order": "ASCENDING" },
        { "fieldPath": "createdAt", "order": "DESCENDING" }
      ]
    }
  ],
  "fieldOverrides": []
}